{
  "stage": "steegformer_sascert_core_workbench",
  "status": "completed_smoke",
  "experiment": "v1_1",
  "primary_group": "SAS-Cert-SoftAR-LS-v1.1",
  "groups": {
    "NaiveAug_LS010": {
      "accuracy": 0.9714285714285714,
      "balanced_accuracy": 0.9722222222222222,
      "macro_f1": 0.9714285714285714,
      "kappa": 0.9429037520391517,
      "auroc": 0.9967320261437909,
      "ece": 0.03147437402180263,
      "nll": 0.07074505133928213,
      "brier": 0.04377807304263115
    },
    "ArtifactReject_LS010": {
      "accuracy": 0.8,
      "balanced_accuracy": 0.8055555555555556,
      "macro_f1": 0.7939444911690496,
      "kappa": 0.6042003231017771,
      "auroc": 0.9967320261437909,
      "ece": 0.13513971396854946,
      "nll": 0.47114359621159596,
      "brier": 0.27794376015663147
    },
    "SoftWeight_noReject_LS010": {
      "accuracy": 0.9714285714285714,
      "balanced_accuracy": 0.9722222222222222,
      "macro_f1": 0.9714285714285714,
      "kappa": 0.9429037520391517,
      "auroc": 0.9967320261437909,
      "ece": 0.04521275077547346,
      "nll": 0.08271559671827813,
      "brier": 0.05196443945169449
    },
    "SAS-Cert-SoftAR-LS-v1.1": {
      "accuracy": 0.8285714285714286,
      "balanced_accuracy": 0.8333333333333333,
      "macro_f1": 0.825,
      "kappa": 0.6601941747572816,
      "auroc": 0.9967320261437909,
      "ece": 0.09381995882306779,
      "nll": 0.4220354361112867,
      "brier": 0.2562688887119293
    }
  },
  "primary_vs_naive": {
    "primary_group": "SAS-Cert-SoftAR-LS-v1.1",
    "baseline_group": "NaiveAug_LS010",
    "delta_balanced_accuracy": -0.13888888888888895,
    "delta_macro_f1": -0.14642857142857146,
    "delta_ece": 0.06234558480126516,
    "delta_nll": 0.3512903847720046,
    "delta_brier": 0.21249081566929817,
    "subject_win_rate_macro_f1": 0.0,
    "seed_win_rate_macro_f1": 0.0
  },
  "sascert_vs_naive": {
    "primary_group": "SAS-Cert-SoftAR-LS-v1.1",
    "baseline_group": "NaiveAug_LS010",
    "delta_balanced_accuracy": -0.13888888888888895,
    "delta_macro_f1": -0.14642857142857146,
    "delta_ece": 0.06234558480126516,
    "delta_nll": 0.3512903847720046,
    "delta_brier": 0.21249081566929817,
    "subject_win_rate_macro_f1": 0.0,
    "seed_win_rate_macro_f1": 0.0
  },
  "paired_comparisons": {
    "SAS-Cert-SoftAR-LS-v1.1-vs-NaiveAug_LS010": {
      "delta_balanced_accuracy": -0.13888888888888895,
      "delta_macro_f1": -0.14642857142857146,
      "delta_ece": 0.06234558480126516,
      "delta_nll": 0.3512903847720046,
      "delta_brier": 0.21249081566929817,
      "win_macro_f1": 0.0
    },
    "SAS-Cert-SoftAR-LS-v1.1-vs-ArtifactReject_LS010": {
      "delta_balanced_accuracy": 0.02777777777777768,
      "delta_macro_f1": 0.031055508830950318,
      "delta_ece": -0.04131975514548167,
      "delta_nll": -0.04910816010030927,
      "delta_brier": -0.02167487144470215,
      "win_macro_f1": 1.0
    },
    "SAS-Cert-SoftAR-LS-v1.1-vs-SoftWeight_noReject_LS010": {
      "delta_balanced_accuracy": -0.13888888888888895,
      "delta_macro_f1": -0.14642857142857146,
      "delta_ece": 0.04860720804759433,
      "delta_nll": 0.3393198393930086,
      "delta_brier": 0.20430444926023483,
      "win_macro_f1": 0.0
    }
  },
  "component_ablation": {
    "beats_artifact_reject_macro_f1": true,
    "beats_softweight_no_reject_macro_f1": false,
    "mean_delta_macro_f1_vs_artifact_reject": 0.031055508830950318,
    "mean_delta_macro_f1_vs_softweight_no_reject": -0.14642857142857146
  },
  "n_rows": 4
}