{
  "stage": "steegformer_sascert_core_workbench",
  "status": "completed",
  "experiment": "v1_1",
  "primary_group": "SAS-Cert-SoftAR-LS-v1.1",
  "groups": {
    "NaiveAug_LS010": {
      "accuracy": 0.7157160100537758,
      "balanced_accuracy": 0.7155805909175104,
      "macro_f1": 0.7097876159818868,
      "kappa": 0.4311225858632004,
      "auroc": 0.7824850787001263,
      "ece": 0.20932950333836892,
      "nll": 0.7207569990427445,
      "brier": 0.42250675454735753
    },
    "ArtifactReject_LS010": {
      "accuracy": 0.7076750496843579,
      "balanced_accuracy": 0.7073629584424863,
      "macro_f1": 0.7013245483725646,
      "kappa": 0.4147648788547231,
      "auroc": 0.782284849874415,
      "ece": 0.21504137075019888,
      "nll": 0.7303523568081621,
      "brier": 0.4267339191958308
    },
    "SoftWeight_noReject_LS010": {
      "accuracy": 0.7115443067570726,
      "balanced_accuracy": 0.7117153694001217,
      "macro_f1": 0.7049739670183967,
      "kappa": 0.42314356456775043,
      "auroc": 0.7823178176025369,
      "ece": 0.21229170818624707,
      "nll": 0.7246664754339652,
      "brier": 0.42377076525241136
    },
    "SAS-Cert-SoftAR-LS-v1.1": {
      "accuracy": 0.7105456803834461,
      "balanced_accuracy": 0.7101766256876938,
      "macro_f1": 0.7046543583385619,
      "kappa": 0.4204126053996952,
      "auroc": 0.7818987282941369,
      "ece": 0.21053825849519903,
      "nll": 0.727544240145314,
      "brier": 0.42457447078078986
    }
  },
  "primary_vs_naive": {
    "primary_group": "SAS-Cert-SoftAR-LS-v1.1",
    "baseline_group": "NaiveAug_LS010",
    "delta_balanced_accuracy": -0.005403965229816565,
    "delta_macro_f1": -0.00513325764332484,
    "delta_ece": 0.0012087551568301103,
    "delta_nll": 0.006787241102569563,
    "delta_brier": 0.0020677162334323262,
    "subject_win_rate_macro_f1": 0.25,
    "seed_win_rate_macro_f1": 0.0
  },
  "sascert_vs_naive": {
    "primary_group": "SAS-Cert-SoftAR-LS-v1.1",
    "baseline_group": "NaiveAug_LS010",
    "delta_balanced_accuracy": -0.005403965229816565,
    "delta_macro_f1": -0.00513325764332484,
    "delta_ece": 0.0012087551568301103,
    "delta_nll": 0.006787241102569563,
    "delta_brier": 0.0020677162334323262,
    "subject_win_rate_macro_f1": 0.25,
    "seed_win_rate_macro_f1": 0.0
  },
  "paired_comparisons": {
    "SAS-Cert-SoftAR-LS-v1.1-vs-NaiveAug_LS010": {
      "delta_balanced_accuracy": -0.005403965229816624,
      "delta_macro_f1": -0.005133257643324947,
      "delta_ece": 0.0012087551568301,
      "delta_nll": 0.006787241102569979,
      "delta_brier": 0.002067716233432293,
      "win_macro_f1": 0.37
    },
    "SAS-Cert-SoftAR-LS-v1.1-vs-ArtifactReject_LS010": {
      "delta_balanced_accuracy": 0.0028136672452074908,
      "delta_macro_f1": 0.00332980996599722,
      "delta_ece": -0.004503112254999855,
      "delta_nll": -0.0028081166628478905,
      "delta_brier": -0.00215944841504097,
      "win_macro_f1": 0.27
    },
    "SAS-Cert-SoftAR-LS-v1.1-vs-SoftWeight_noReject_LS010": {
      "delta_balanced_accuracy": -0.0015387437124279213,
      "delta_macro_f1": -0.0003196086798347175,
      "delta_ece": -0.001753449691047989,
      "delta_nll": 0.0028777647113492643,
      "delta_brier": 0.0008037055283784866,
      "win_macro_f1": 0.38
    }
  },
  "component_ablation": {
    "beats_artifact_reject_macro_f1": true,
    "beats_softweight_no_reject_macro_f1": false,
    "mean_delta_macro_f1_vs_artifact_reject": 0.00332980996599722,
    "mean_delta_macro_f1_vs_softweight_no_reject": -0.0003196086798347175
  },
  "n_rows": 400
}