{
  "stage": "steegformer_sascert_core_workbench",
  "status": "completed",
  "experiment": "v1_3",
  "primary_group": "SAS-Cert-CU-LS-v1.3",
  "groups": {
    "NaiveAug_LS010": {
      "accuracy": 0.7565800794949731,
      "balanced_accuracy": 0.7567000024356447,
      "macro_f1": 0.7523544247967905,
      "kappa": 0.5136748620226017,
      "auroc": 0.8212034693155821,
      "ece": 0.18565865956913175,
      "nll": 0.6221221053010547,
      "brier": 0.35944342727772893
    },
    "SoftWeight_noReject_LS010": {
      "accuracy": 0.7567601706803831,
      "balanced_accuracy": 0.7568189844383341,
      "macro_f1": 0.7526549702693934,
      "kappa": 0.5139623104636427,
      "auroc": 0.8254588859347153,
      "ece": 0.18259947517490321,
      "nll": 0.6149885828342108,
      "brier": 0.3559447524137795
    },
    "SAS-Cert-CU-LS-v1.3": {
      "accuracy": 0.7586218289689033,
      "balanced_accuracy": 0.7587782284322144,
      "macro_f1": 0.7542889264320487,
      "kappa": 0.5177212730526511,
      "auroc": 0.8235249199229712,
      "ece": 0.18610228832041714,
      "nll": 0.6206318096418283,
      "brier": 0.3586803687736392
    }
  },
  "primary_vs_naive": {
    "primary_group": "SAS-Cert-CU-LS-v1.3",
    "baseline_group": "NaiveAug_LS010",
    "delta_balanced_accuracy": 0.0020782259965697047,
    "delta_macro_f1": 0.0019345016352582123,
    "delta_ece": 0.00044362875128539647,
    "delta_nll": -0.001490295659226426,
    "delta_brier": -0.0007630585040897531,
    "subject_win_rate_macro_f1": 0.05,
    "seed_win_rate_macro_f1": 0.0
  },
  "sascert_vs_naive": {
    "primary_group": "SAS-Cert-CU-LS-v1.3",
    "baseline_group": "NaiveAug_LS010",
    "delta_balanced_accuracy": 0.0020782259965697047,
    "delta_macro_f1": 0.0019345016352582123,
    "delta_ece": 0.00044362875128539647,
    "delta_nll": -0.001490295659226426,
    "delta_brier": -0.0007630585040897531,
    "subject_win_rate_macro_f1": 0.05,
    "seed_win_rate_macro_f1": 0.0
  },
  "paired_comparisons": {
    "SAS-Cert-CU-LS-v1.3-vs-NaiveAug_LS010": {
      "delta_balanced_accuracy": 0.002078225996569648,
      "delta_macro_f1": 0.0019345016352581268,
      "delta_ece": 0.00044362875128542407,
      "delta_nll": -0.0014902956592264193,
      "delta_brier": -0.0007630585040897131,
      "win_macro_f1": 0.21
    },
    "SAS-Cert-CU-LS-v1.3-vs-SoftWeight_noReject_LS010": {
      "delta_balanced_accuracy": 0.001959243993880215,
      "delta_macro_f1": 0.0016339561626553195,
      "delta_ece": 0.003502813145513946,
      "delta_nll": 0.005643226807617406,
      "delta_brier": 0.002735616359859705,
      "win_macro_f1": 0.26
    }
  },
  "component_ablation": {
    "beats_artifact_reject_macro_f1": null,
    "beats_softweight_no_reject_macro_f1": true,
    "mean_delta_macro_f1_vs_artifact_reject": null,
    "mean_delta_macro_f1_vs_softweight_no_reject": 0.0016339561626553195
  },
  "n_rows": 300,
  "tool_status": {
    "pyRiemann": "used",
    "MNE-Features": "used",
    "Autoreject": "available_offline_not_integrated"
  },
  "component_utility_summary": {
    "training_utility_candidates": [
      "E_embed",
      "E_proto",
      "E_content"
    ],
    "diagnostic_or_unstable_scores": [
      "E_pred",
      "artifact_score",
      "artifact_safe",
      "E_physio",
      "E_style",
      "D_band",
      "D_cov",
      "D_style"
    ],
    "strongest_low_ce_correlations": [
      {
        "score_name": "E_proto",
        "spearman_raw_CE_loss": -0.8877065383156971,
        "spearman_correctness": 0.46231975012501064
      },
      {
        "score_name": "E_pred",
        "spearman_raw_CE_loss": -0.7553262463700665,
        "spearman_correctness": 0.2392768478752641
      },
      {
        "score_name": "E_content",
        "spearman_raw_CE_loss": -0.5292942591915053,
        "spearman_correctness": 0.29719942528059984
      },
      {
        "score_name": "E_embed",
        "spearman_raw_CE_loss": -0.08915250656403448,
        "spearman_correctness": 0.05029508559862703
      },
      {
        "score_name": "artifact_safe",
        "spearman_raw_CE_loss": -0.03390224430562344,
        "spearman_correctness": 0.01771743684281611
      }
    ],
    "strongest_correctness_correlations": [
      {
        "score_name": "E_proto",
        "spearman_raw_CE_loss": -0.8877065383156971,
        "spearman_correctness": 0.46231975012501064
      },
      {
        "score_name": "E_content",
        "spearman_raw_CE_loss": -0.5292942591915053,
        "spearman_correctness": 0.29719942528059984
      },
      {
        "score_name": "E_pred",
        "spearman_raw_CE_loss": -0.7553262463700665,
        "spearman_correctness": 0.2392768478752641
      },
      {
        "score_name": "E_embed",
        "spearman_raw_CE_loss": -0.08915250656403448,
        "spearman_correctness": 0.05029508559862703
      },
      {
        "score_name": "E_style",
        "spearman_raw_CE_loss": -0.02203811412091699,
        "spearman_correctness": 0.021155217350510812
      }
    ]
  },
  "primary_vs_naive_required": {
    "delta_balanced_accuracy": 0.0020782259965697047,
    "delta_macro_f1": 0.0019345016352582123,
    "delta_ece": 0.00044362875128539647,
    "delta_nll": -0.001490295659226426,
    "delta_brier": -0.0007630585040897531
  },
  "primary_vs_softweight_required": {
    "delta_balanced_accuracy": 0.0019592439938803663,
    "delta_macro_f1": 0.00163395616265527,
    "delta_ece": 0.0035028131455139278,
    "delta_nll": 0.00564322680761753,
    "delta_brier": 0.002735616359859694
  },
  "mean_rejected_ratio_primary": 0.0,
  "mean_weight_primary": 1.0000000083446503,
  "mean_sum_weight_per_candidate_primary": 1.0000000000000002,
  "weight_range_primary": [
    0.75,
    1.25
  ],
  "nonfinite_content_skipped_count": 0,
  "leakage_audit": {
    "status": "passed",
    "target_test_used_for_artifact_threshold": false,
    "target_test_used_for_ranknorm": false,
    "target_test_used_for_prototype": false,
    "target_test_used_for_style_anchor": false,
    "target_test_used_for_best_epoch_or_seed": false,
    "target_test_used_for_component_utility_audit": false,
    "target_test_used_for_final_eval_only": true,
    "notes": [
      "v1.3 training weight uses only E_embed and E_proto from per-fold support candidates.",
      "ranknorm is computed over per-fold augmented training candidates only.",
      "prototype uses source train plus target support.",
      "artifact/physio/style/prediction scores are diagnostic only and do not enter the v1.3 training weight.",
      "raw CE/correctness in component utility audit are computed on augmented training candidates with the source/support head, not target test."
    ]
  },
  "decision": "enter_cbramod_recheck",
  "next_recommendation": "进入 CBraMod 复验"
}