{
  "stage": "steegformer_sascert_core_workbench",
  "status": "completed",
  "experiment": "v1_3",
  "primary_group": "SAS-Cert-CU-LS-v1.3",
  "groups": {
    "NaiveAug_LS010": {
      "accuracy": 0.7565800794949731,
      "balanced_accuracy": 0.7567000024356447,
      "macro_f1": 0.7523544247967905,
      "kappa": 0.5136748620226017,
      "auroc": 0.8212034693155821,
      "ece": 0.18565865956913175,
      "nll": 0.6221221053010547,
      "brier": 0.35944342727772893
    },
    "SoftWeight_noReject_LS010": {
      "accuracy": 0.7567601706803831,
      "balanced_accuracy": 0.7568189844383341,
      "macro_f1": 0.7526549702693934,
      "kappa": 0.5139623104636427,
      "auroc": 0.8254588859347153,
      "ece": 0.18259947517490321,
      "nll": 0.6149885828342108,
      "brier": 0.3559447524137795
    },
    "SAS-Cert-CU-LS-v1.3": {
      "accuracy": 0.7586218289689033,
      "balanced_accuracy": 0.7587782284322144,
      "macro_f1": 0.7542889264320487,
      "kappa": 0.5177212730526511,
      "auroc": 0.8235249199229712,
      "ece": 0.18610228832041714,
      "nll": 0.6206318096418283,
      "brier": 0.3586803687736392
    }
  },
  "primary_vs_naive": {
    "primary_group": "SAS-Cert-CU-LS-v1.3",
    "baseline_group": "NaiveAug_LS010",
    "delta_balanced_accuracy": 0.0020782259965697047,
    "delta_macro_f1": 0.0019345016352582123,
    "delta_ece": 0.00044362875128539647,
    "delta_nll": -0.001490295659226426,
    "delta_brier": -0.0007630585040897531,
    "subject_win_rate_macro_f1": 0.05,
    "seed_win_rate_macro_f1": 0.0
  },
  "sascert_vs_naive": {
    "primary_group": "SAS-Cert-CU-LS-v1.3",
    "baseline_group": "NaiveAug_LS010",
    "delta_balanced_accuracy": 0.0020782259965697047,
    "delta_macro_f1": 0.0019345016352582123,
    "delta_ece": 0.00044362875128539647,
    "delta_nll": -0.001490295659226426,
    "delta_brier": -0.0007630585040897531,
    "subject_win_rate_macro_f1": 0.05,
    "seed_win_rate_macro_f1": 0.0
  },
  "paired_comparisons": {
    "SAS-Cert-CU-LS-v1.3-vs-NaiveAug_LS010": {
      "delta_balanced_accuracy": 0.002078225996569648,
      "delta_macro_f1": 0.0019345016352581268,
      "delta_ece": 0.00044362875128542407,
      "delta_nll": -0.0014902956592264193,
      "delta_brier": -0.0007630585040897131,
      "win_macro_f1": 0.21
    },
    "SAS-Cert-CU-LS-v1.3-vs-SoftWeight_noReject_LS010": {
      "delta_balanced_accuracy": 0.001959243993880215,
      "delta_macro_f1": 0.0016339561626553195,
      "delta_ece": 0.003502813145513946,
      "delta_nll": 0.005643226807617406,
      "delta_brier": 0.002735616359859705,
      "win_macro_f1": 0.26
    }
  },
  "component_ablation": {
    "beats_artifact_reject_macro_f1": null,
    "beats_softweight_no_reject_macro_f1": true,
    "mean_delta_macro_f1_vs_artifact_reject": null,
    "mean_delta_macro_f1_vs_softweight_no_reject": 0.0016339561626553195
  },
  "n_rows": 300
}