auc,component
0.7238888888888889,content_score
0.6059583333333334,style_score
0.6359259259259259,physio_score
0.39971296296296294,artifact_safe_score
0.6216899862825789,sas_score
