bad_rate,bucket,n
0.3628257887517147,top30,1458
0.5747599451303155,bottom30,1458
