{
  "grouped_mean": [
    {
      "acc": 0.4444444444444444,
      "ece": 0.12831103367110092,
      "group": "NaiveAug",
      "kappa": 0.25925925925925924,
      "macro_f1": 0.4036024798955834,
      "n": 1,
      "nll": 1.2708593606948853
    },
    {
      "acc": 0.4479166666666667,
      "ece": 0.13169794715940955,
      "group": "NoAug",
      "kappa": 0.2638888888888889,
      "macro_f1": 0.40936630610543656,
      "n": 1,
      "nll": 1.2697598934173584
    },
    {
      "acc": 0.4305555555555556,
      "ece": 0.1157266827714112,
      "group": "Random50",
      "kappa": 0.24074074074074078,
      "macro_f1": 0.39345416043970205,
      "n": 1,
      "nll": 1.2739171981811523
    },
    {
      "acc": 0.4652777777777778,
      "ece": 0.14923409760619205,
      "group": "SASCertTop50",
      "kappa": 0.28703703703703703,
      "macro_f1": 0.42258531967580804,
      "n": 1,
      "nll": 1.2634609937667847
    }
  ],
  "paired_diffs": {
    "SASCertTop50_minus_NaiveAug": {
      "acc": 0.02083333333333337,
      "ece": 0.020923063935091135,
      "macro_f1": 0.018982839780224636
    },
    "SASCertTop50_minus_Random50": {
      "acc": 0.03472222222222221,
      "ece": 0.033507414834780855,
      "macro_f1": 0.029131159236105986
    }
  }
}