{
  "stage": "steegformer_sascert_core_workbench",
  "status": "completed",
  "experiment": "v1_2",
  "primary_group": "SAS-Cert-SoftSafe-LS-v1.2",
  "groups": {
    "NaiveAug_LS010": {
      "accuracy": 0.7101870177694646,
      "balanced_accuracy": 0.7100518707857328,
      "macro_f1": 0.7051786953214174,
      "kappa": 0.42016829516827764,
      "auroc": 0.7809588735925534,
      "ece": 0.21559539843190972,
      "nll": 0.7338413615647685,
      "brier": 0.426426667496562
    },
    "SoftWeight_noReject_LS010": {
      "accuracy": 0.7101693067570726,
      "balanced_accuracy": 0.7099895027616001,
      "macro_f1": 0.7049488448468247,
      "kappa": 0.420055203298524,
      "auroc": 0.781156974470764,
      "ece": 0.21560226947035566,
      "nll": 0.7327052809129425,
      "brier": 0.42406646339222787
    },
    "SAS-Cert-SoftSafe-LS-v1.2": {
      "accuracy": 0.7071514496142156,
      "balanced_accuracy": 0.7070159690498697,
      "macro_f1": 0.7019467554916151,
      "kappa": 0.4140968828900389,
      "auroc": 0.7828816730516182,
      "ece": 0.2135109566602275,
      "nll": 0.7339930662223517,
      "brier": 0.4250537918508053
    }
  },
  "primary_vs_naive": {
    "primary_group": "SAS-Cert-SoftSafe-LS-v1.2",
    "baseline_group": "NaiveAug_LS010",
    "delta_balanced_accuracy": -0.0030359017358631,
    "delta_macro_f1": -0.0032319398298022994,
    "delta_ece": -0.0020844417716822106,
    "delta_nll": 0.00015170465758318485,
    "delta_brier": -0.0013728756457567215,
    "subject_win_rate_macro_f1": 0.15,
    "seed_win_rate_macro_f1": 0.0
  },
  "sascert_vs_naive": {
    "primary_group": "SAS-Cert-SoftSafe-LS-v1.2",
    "baseline_group": "NaiveAug_LS010",
    "delta_balanced_accuracy": -0.0030359017358631,
    "delta_macro_f1": -0.0032319398298022994,
    "delta_ece": -0.0020844417716822106,
    "delta_nll": 0.00015170465758318485,
    "delta_brier": -0.0013728756457567215,
    "subject_win_rate_macro_f1": 0.15,
    "seed_win_rate_macro_f1": 0.0
  },
  "paired_comparisons": {
    "SAS-Cert-SoftSafe-LS-v1.2-vs-NaiveAug_LS010": {
      "delta_balanced_accuracy": -0.0030359017358630286,
      "delta_macro_f1": -0.0032319398298019703,
      "delta_ece": -0.0020844417716822223,
      "delta_nll": 0.00015170465758341384,
      "delta_brier": -0.0013728756457567215,
      "win_macro_f1": 0.2
    },
    "SAS-Cert-SoftSafe-LS-v1.2-vs-SoftWeight_noReject_LS010": {
      "delta_balanced_accuracy": -0.0029735337117302984,
      "delta_macro_f1": -0.0030020893552095097,
      "delta_ece": -0.002091312810128192,
      "delta_nll": 0.001287785309409259,
      "delta_brier": 0.0009873284585773946,
      "win_macro_f1": 0.21
    }
  },
  "component_ablation": {
    "beats_artifact_reject_macro_f1": null,
    "beats_softweight_no_reject_macro_f1": false,
    "mean_delta_macro_f1_vs_artifact_reject": null,
    "mean_delta_macro_f1_vs_softweight_no_reject": -0.0030020893552095097
  },
  "n_rows": 300,
  "tool_status": {
    "pyRiemann": "used",
    "MNE-Features": "used",
    "Autoreject": "available_offline_not_integrated"
  },
  "gate_harm_audit": {
    "n": 6000.0,
    "rejected_ratio": 0.1,
    "rejected_content_mean": 0.5403954792922984,
    "kept_content_mean": 0.4955116128945654,
    "rejected_e_embed_mean": 0.9985571051637332,
    "kept_e_embed_mean": 0.9980449648587792,
    "rejected_e_proto_mean": 0.035979139705499014,
    "kept_e_proto_mean": 0.04055591777518944,
    "rejected_physio_mean": 0.5451129946112633,
    "kept_physio_mean": 0.4949874445257915
  },
  "loss_mass_audit": {
    "v1_1_softar_effective_aug_loss_scale": 0.5350847384134929,
    "v1_1_softar_mean_weight": 0.5350847482681275,
    "v1_2_softsafe_effective_aug_loss_scale": 0.6867697792053221,
    "v1_2_softsafe_mean_weight": 0.6867697757482528
  },
  "mean_rejected_ratio_primary": 0.09650000000000002,
  "mean_weight_primary": 0.6867697757482528,
  "mean_sum_weight_per_candidate_primary": 0.6867697792053221,
  "leakage_audit": {
    "status": "passed",
    "target_test_used_for_artifact_threshold": false,
    "target_test_used_for_ranknorm": false,
    "target_test_used_for_prototype": false,
    "target_test_used_for_style_anchor": false,
    "target_test_used_for_best_epoch_or_seed": false,
    "target_test_used_for_final_eval_only": true,
    "notes": [
      "v1.2 extreme artifact threshold uses per-fold candidate robust z only.",
      "v1.2 rank normalization uses per-fold augmented training candidates only.",
      "Prototype uses source train plus target support.",
      "Style anchor uses target support only."
    ]
  },
  "decision": "ARTIFACT_PHYSIO_STYLE_NOT_HELPING_ST"
}