{
  "artifact_reject_percentile": 10.0,
  "backbone_frozen": true,
  "label_smoothing": 0.1,
  "main_method": "SASCert_SoftAR_LS010",
  "paired_comparison": [
    {
      "baseline_group": "NaiveAug_raw",
      "delta_acc": 0.011059670781893016,
      "delta_brier": -0.00048493048799325145,
      "delta_ece": 0.008431449058032586,
      "delta_kappa": 0.014746227709190637,
      "delta_macro_f1": 0.021066332534534077,
      "delta_nll": -0.0011058180420486785,
      "delta_subject_wise_std": 0.004304093434845155,
      "delta_worst_subject_acc": -0.003703703703703709,
      "final_group_decision": "GO_RAW_BASELINE",
      "group": "SASCert_SoftAR_LS010",
      "passed_acc": true,
      "passed_brier": true,
      "passed_ece": true,
      "passed_macro_f1": true,
      "passed_nll": true,
      "seed_win_rate_acc": 0.6666666666666666,
      "seed_win_rate_macro_f1": 0.7333333333333333,
      "subject_win_rate_acc": 0.8888888888888888,
      "subject_win_rate_macro_f1": 0.8888888888888888
    },
    {
      "baseline_group": "NaiveAug_raw",
      "delta_acc": 0.012139917695473235,
      "delta_brier": -0.0005653066020577802,
      "delta_ece": 0.005893357398578672,
      "delta_kappa": 0.016186556927297646,
      "delta_macro_f1": 0.029386129646231746,
      "delta_nll": -0.001257643876252379,
      "delta_subject_wise_std": 0.0013927570944883838,
      "delta_worst_subject_acc": 0.002314814814814825,
      "final_group_decision": "ARTIFACT_ONLY_BRANCH_DIAGNOSTIC",
      "group": "ArtifactReject_raw_diagnostic",
      "passed_acc": true,
      "passed_brier": true,
      "passed_ece": true,
      "passed_macro_f1": true,
      "passed_nll": true,
      "seed_win_rate_acc": 0.8,
      "seed_win_rate_macro_f1": 0.8666666666666667,
      "subject_win_rate_acc": 1.0,
      "subject_win_rate_macro_f1": 1.0
    },
    {
      "baseline_group": "NaiveAug_LS010",
      "delta_acc": 0.0071759259259259744,
      "delta_brier": -0.000454219756595875,
      "delta_ece": 0.0067911030211075946,
      "delta_kappa": 0.009567901234567883,
      "delta_macro_f1": 0.019224317595990942,
      "delta_nll": -0.0008628668608490209,
      "delta_subject_wise_std": 0.004421861704663008,
      "delta_worst_subject_acc": -0.00046296296296297057,
      "final_group_decision": "CALIBRATION_REGRESSION",
      "group": "SASCert_SoftAR_LS010",
      "passed_acc": true,
      "passed_brier": true,
      "passed_ece": false,
      "passed_macro_f1": true,
      "passed_nll": true,
      "seed_win_rate_acc": 0.7333333333333333,
      "seed_win_rate_macro_f1": 0.8666666666666667,
      "subject_win_rate_acc": 0.6666666666666666,
      "subject_win_rate_macro_f1": 0.8888888888888888
    },
    {
      "baseline_group": "NaiveAug_LS010",
      "delta_acc": 0.008256172839506193,
      "delta_brier": -0.0005345958706604037,
      "delta_ece": 0.00425301136165368,
      "delta_kappa": 0.011008230452674891,
      "delta_macro_f1": 0.02754411470768861,
      "delta_nll": -0.0010146926950527213,
      "delta_subject_wise_std": 0.0015105253643062366,
      "delta_worst_subject_acc": 0.005555555555555564,
      "final_group_decision": "ARTIFACT_ONLY_BRANCH_DIAGNOSTIC",
      "group": "ArtifactReject_raw_diagnostic",
      "passed_acc": true,
      "passed_brier": true,
      "passed_ece": true,
      "passed_macro_f1": true,
      "passed_nll": true,
      "seed_win_rate_acc": 0.6666666666666666,
      "seed_win_rate_macro_f1": 0.9333333333333333,
      "subject_win_rate_acc": 1.0,
      "subject_win_rate_macro_f1": 1.0
    }
  ],
  "protocol_leakage_detected": false,
  "score_variant": "artifact_gate_content_rank",
  "seeds": [
    20,
    21,
    22,
    23,
    24,
    25,
    26,
    27,
    28,
    29,
    30,
    31,
    32,
    33,
    34
  ],
  "status": "completed",
  "summary": [
    {
      "acc": 0.32489711934156373,
      "brier": 0.7402778922134408,
      "ece": 0.06774173087973163,
      "group": "ArtifactReject_raw_diagnostic",
      "kappa": 0.0998628257887517,
      "macro_f1": 0.2695642667209224,
      "mean_confidence": 0.2839534048680906,
      "n": 135,
      "nll": 1.3674638695187038,
      "subject_wise_std": 0.051500813206631024,
      "worst_subject_acc": 0.2513888888888889
    },
    {
      "acc": 0.31664094650205754,
      "brier": 0.7408124880841012,
      "ece": 0.06348871951807795,
      "group": "NaiveAug_LS010",
      "kappa": 0.08885459533607681,
      "macro_f1": 0.24202015201323376,
      "mean_confidence": 0.28664180989618654,
      "n": 135,
      "nll": 1.3684785622137565,
      "subject_wise_std": 0.04999028784232479,
      "worst_subject_acc": 0.24583333333333332
    },
    {
      "acc": 0.3127572016460905,
      "brier": 0.7408431988154985,
      "ece": 0.06184837348115296,
      "group": "NaiveAug_raw",
      "kappa": 0.08367626886145406,
      "macro_f1": 0.24017813707469063,
      "mean_confidence": 0.28952497552942347,
      "n": 135,
      "nll": 1.3687215133949562,
      "subject_wise_std": 0.05010805611214264,
      "worst_subject_acc": 0.24907407407407406
    },
    {
      "acc": 0.3238168724279835,
      "brier": 0.7403582683275053,
      "ece": 0.07027982253918555,
      "group": "SASCert_SoftAR_LS010",
      "kappa": 0.0984224965706447,
      "macro_f1": 0.2612444696092247,
      "mean_confidence": 0.2861158106062147,
      "n": 135,
      "nll": 1.3676156953529075,
      "subject_wise_std": 0.054412149546987795,
      "worst_subject_acc": 0.24537037037037035
    }
  ],
  "w_min": 0.2
}