{
  "stage": "cbramod_physionetmi_sascert_matched_mini",
  "status": "completed_smoke",
  "protocol": {
    "dataset": "PhysioNetMI",
    "task": "left_vs_right_motor_imagery",
    "runs": [
      4,
      8,
      12
    ],
    "targets": [
      90
    ],
    "seeds": [
      20
    ],
    "shot_per_class": 5,
    "n_aug": 5,
    "source_epochs": 2,
    "finetune_epochs": 4,
    "label_smoothing": 0.1,
    "artifact_reject_percentile": 90.0,
    "experiment": "repaired",
    "primary_group": "RepairedSoftWeight_artifact_gate_physio_LS010"
  },
  "groups": {
    "NaiveAug_LS010": {
      "accuracy": 0.37142857142857144,
      "balanced_accuracy": 0.36764705882352944,
      "macro_f1": 0.35833333333333334,
      "kappa": -0.26644736842105265,
      "auroc": 0.3300653594771242,
      "ece": 0.1317722499370575,
      "nll": 0.695137910229756,
      "brier": 0.5019906163215637
    },
    "NoAug_LS010": {
      "accuracy": 0.34285714285714286,
      "balanced_accuracy": 0.33986928104575165,
      "macro_f1": 0.3341604631927213,
      "kappa": -0.32183908045977017,
      "auroc": 0.3235294117647059,
      "ece": 0.16005513072013855,
      "nll": 0.695043772946463,
      "brier": 0.5018965601921082
    },
    "RepairedSoftWeight_artifact_gate_physio_LS010": {
      "accuracy": 0.37142857142857144,
      "balanced_accuracy": 0.36601307189542487,
      "macro_f1": 0.34523809523809523,
      "kappa": -0.2706270627062708,
      "auroc": 0.3235294117647059,
      "ece": 0.1318422257900238,
      "nll": 0.6950731831464302,
      "brier": 0.5019258856773376
    }
  },
  "primary_vs_naive": {
    "delta_balanced_accuracy": -0.0016339869281045694,
    "delta_macro_f1": -0.013095238095238104,
    "delta_ece": 6.99758529663086e-05,
    "delta_nll": -6.472708332583288e-05,
    "delta_brier": -6.473064422607422e-05,
    "subject_win_rate_macro_f1": 0.0,
    "seed_win_rate_macro_f1": 0.0
  },
  "n_rows": 3,
  "backbone_audit": {
    "checkpoint_path": "/ai/224duibishiyan/新研究/CBraMod-main/pretrained_weights/pretrained_weights.pth",
    "checkpoint_keys": 211,
    "model_keys": 211,
    "loaded_keys": 211,
    "missing_in_checkpoint": [],
    "missing_after_load": [],
    "unexpected_after_load": [],
    "shape_mismatch": [],
    "unexpected_checkpoint_keys": [],
    "code_path": "/ai/224duibishiyan/615新研究/third_party/CBraMod-main",
    "n_channels": 64,
    "target_samples": 800,
    "patch_size": 200,
    "patch_num": 4,
    "proj_out_replaced_with_identity": true,
    "frozen_backbone": true
  },
  "leakage_audit": {
    "raw_data_copied": false,
    "raw_augmented_arrays_saved": false,
    "target_test_used_for_ranking_threshold_or_training": false,
    "cbramod_backbone_frozen": true
  }
}