{
  "bottom30_bad_rate": 0.19506172839506172,
  "bottom30_mean_total": -0.15284947940596827,
  "clean_vs_bad_auc": 0.6322106481481482,
  "top30_bad_rate": 0.04814814814814815,
  "top30_mean_total": 2.029579746870347
}