{
  "grouped_mean": [
    {
      "acc": 0.4854681069958848,
      "ece": 0.10631074532368238,
      "group": "NaiveAug",
      "kappa": 0.31395747599451307,
      "macro_f1": 0.4663844119903636,
      "n": 27,
      "nll": 1.173501659322668
    },
    {
      "acc": 0.4771090534979424,
      "ece": 0.1361385508346536,
      "group": "NoAug",
      "kappa": 0.30281207133058985,
      "macro_f1": 0.45191174170196585,
      "n": 27,
      "nll": 1.2111823735413727
    },
    {
      "acc": 0.4787808641975309,
      "ece": 0.12230591580976921,
      "group": "Random50",
      "kappa": 0.30504115226337447,
      "macro_f1": 0.4609352505032053,
      "n": 27,
      "nll": 1.183588526867054
    },
    {
      "acc": 0.48932613168724287,
      "ece": 0.12171017408271323,
      "group": "SASCertTop50",
      "kappa": 0.3191015089163237,
      "macro_f1": 0.4704074413393365,
      "n": 27,
      "nll": 1.1783563605061285
    }
  ],
  "paired_diffs": {
    "SASCertTop50_minus_NaiveAug": {
      "acc": 0.0038580246913580193,
      "ece": 0.015399428759030847,
      "macro_f1": 0.0040230293489727795
    },
    "SASCertTop50_minus_Random50": {
      "acc": 0.01054526748971193,
      "ece": -0.0005957417270559604,
      "macro_f1": 0.009472190836131211
    }
  }
}