{
  "artifact_reject_percentile": 10.0,
  "backbone_frozen": true,
  "groups": [
    "NaiveAug",
    "SoftWeightArtifactReject_raw",
    "SWAR_TempScale_SourceVal",
    "SWAR_LabelSmoothing_eps005",
    "SWAR_LabelSmoothing_eps010",
    "SWAR_BrierMix_lam005",
    "SWAR_BrierMix_lam010",
    "ArtifactReject_raw"
  ],
  "main_method": "SoftWeightArtifactReject",
  "paired_comparison": [
    {
      "baseline_group": "NaiveAug",
      "delta_acc": 0.0095164609053498,
      "delta_brier": -0.00040497519341564647,
      "delta_ece": 0.0003005125686342258,
      "delta_kappa": 0.012688614540466409,
      "delta_macro_f1": 0.0251741815335291,
      "delta_nll": -0.0009198365388092267,
      "delta_subject_wise_std": -0.0013613980246272583,
      "delta_worst_subject_acc": 0.005787037037037035,
      "final_group_decision": "ARTIFACT_ONLY_BRANCH_DIAGNOSTIC",
      "group": "ArtifactReject_raw",
      "passed_acc": false,
      "passed_ece": true,
      "passed_f1": true
    },
    {
      "baseline_group": "NaiveAug",
      "delta_acc": 0.007716049382716084,
      "delta_brier": -0.0005094849056359596,
      "delta_ece": 0.0012789046230875373,
      "delta_kappa": 0.010288065843621394,
      "delta_macro_f1": 0.01323943267176822,
      "delta_nll": -0.001097626156276954,
      "delta_subject_wise_std": -0.0003580298714945182,
      "delta_worst_subject_acc": -0.005787037037037035,
      "final_group_decision": "GO_CALIBRATED_SOFTWEIGHT",
      "group": "SWAR_BrierMix_lam005",
      "passed_acc": false,
      "passed_ece": true,
      "passed_f1": true
    },
    {
      "baseline_group": "NaiveAug",
      "delta_acc": 0.006558641975308643,
      "delta_brier": -0.00039598388871742163,
      "delta_ece": 0.0015227855968867748,
      "delta_kappa": 0.008744855967078163,
      "delta_macro_f1": 0.013803535203734812,
      "delta_nll": -0.0008571810192530283,
      "delta_subject_wise_std": -0.0008063854278431287,
      "delta_worst_subject_acc": 0.0,
      "final_group_decision": "GO_CALIBRATED_SOFTWEIGHT",
      "group": "SWAR_BrierMix_lam010",
      "passed_acc": false,
      "passed_ece": true,
      "passed_f1": true
    },
    {
      "baseline_group": "NaiveAug",
      "delta_acc": 0.005015432098765482,
      "delta_brier": -0.0005165501426074304,
      "delta_ece": -0.0008824753532868518,
      "delta_kappa": 0.006687242798353893,
      "delta_macro_f1": 0.013818010032677935,
      "delta_nll": -0.0010153143494215922,
      "delta_subject_wise_std": -0.002135594638433512,
      "delta_worst_subject_acc": -0.0034722222222222376,
      "final_group_decision": "GO_CALIBRATED_SOFTWEIGHT",
      "group": "SWAR_LabelSmoothing_eps005",
      "passed_acc": false,
      "passed_ece": true,
      "passed_f1": true
    },
    {
      "baseline_group": "NaiveAug",
      "delta_acc": 0.00977366255144041,
      "delta_brier": -0.0006306710915843228,
      "delta_ece": 0.0019956481156280376,
      "delta_kappa": 0.013031550068587111,
      "delta_macro_f1": 0.018269399839661,
      "delta_nll": -0.0012782193996287994,
      "delta_subject_wise_std": 0.005423277423276335,
      "delta_worst_subject_acc": -0.0069444444444444475,
      "final_group_decision": "GO_CALIBRATED_SOFTWEIGHT",
      "group": "SWAR_LabelSmoothing_eps010",
      "passed_acc": false,
      "passed_ece": true,
      "passed_f1": true
    },
    {
      "baseline_group": "NaiveAug",
      "delta_acc": 0.00488683127572026,
      "delta_brier": 0.005550476417114147,
      "delta_ece": 0.004644690069979335,
      "delta_kappa": 0.006515775034293569,
      "delta_macro_f1": 0.007201221294461241,
      "delta_nll": 0.010807284602412537,
      "delta_subject_wise_std": -0.0005448516994972924,
      "delta_worst_subject_acc": -0.0034722222222222376,
      "final_group_decision": "CALIBRATION_OVERREGULARIZED",
      "group": "SWAR_TempScale_SourceVal",
      "passed_acc": false,
      "passed_ece": true,
      "passed_f1": false
    },
    {
      "baseline_group": "NaiveAug",
      "delta_acc": 0.00462962962962965,
      "delta_brier": -0.0005928086987837533,
      "delta_ece": -0.004936147128603602,
      "delta_kappa": 0.006172839506172839,
      "delta_macro_f1": 0.008827386768337747,
      "delta_nll": -0.0012855662239921184,
      "delta_subject_wise_std": -0.003669541980639117,
      "delta_worst_subject_acc": -0.0011574074074073848,
      "final_group_decision": "CALIBRATION_OVERREGULARIZED",
      "group": "SoftWeightArtifactReject_raw",
      "passed_acc": false,
      "passed_ece": true,
      "passed_f1": false
    }
  ],
  "protocol_leakage_detected": false,
  "score_variant": "artifact_gate_content_rank",
  "status": "completed",
  "summary": [
    {
      "acc": 0.32883230452674894,
      "brier": 0.7409849320265448,
      "ece": 0.0699643891251075,
      "group": "ArtifactReject_raw",
      "kappa": 0.10510973936899864,
      "macro_f1": 0.2670606107818989,
      "mean_confidence": 0.28508164706053557,
      "n": 27,
      "nll": 1.3692568231512,
      "subject_wise_std": 0.053001015935766484,
      "worst_subject_acc": 0.25810185185185186
    },
    {
      "acc": 0.31931584362139914,
      "brier": 0.7413899072199605,
      "ece": 0.06966387655647327,
      "group": "NaiveAug",
      "kappa": 0.09242112482853224,
      "macro_f1": 0.2418864292483698,
      "mean_confidence": 0.2897993259959751,
      "n": 27,
      "nll": 1.3701766596900091,
      "subject_wise_std": 0.05436241396039374,
      "worst_subject_acc": 0.2523148148148148
    },
    {
      "acc": 0.3270318930041152,
      "brier": 0.7408804223143245,
      "ece": 0.07094278117956081,
      "group": "SWAR_BrierMix_lam005",
      "kappa": 0.10270919067215363,
      "macro_f1": 0.25512586192013803,
      "mean_confidence": 0.2867373404679475,
      "n": 27,
      "nll": 1.3690790335337322,
      "subject_wise_std": 0.054004384088899224,
      "worst_subject_acc": 0.2465277777777778
    },
    {
      "acc": 0.3258744855967078,
      "brier": 0.740993923331243,
      "ece": 0.07118666215336004,
      "group": "SWAR_BrierMix_lam010",
      "kappa": 0.1011659807956104,
      "macro_f1": 0.2556899644521046,
      "mean_confidence": 0.2865436342027452,
      "n": 27,
      "nll": 1.369319478670756,
      "subject_wise_std": 0.05355602853255061,
      "worst_subject_acc": 0.2523148148148148
    },
    {
      "acc": 0.3243312757201646,
      "brier": 0.740873357077353,
      "ece": 0.06878140120318642,
      "group": "SWAR_LabelSmoothing_eps005",
      "kappa": 0.09910836762688613,
      "macro_f1": 0.25570443928104775,
      "mean_confidence": 0.2856629225942824,
      "n": 27,
      "nll": 1.3691613453405875,
      "subject_wise_std": 0.05222681932196023,
      "worst_subject_acc": 0.2488425925925926
    },
    {
      "acc": 0.32908950617283955,
      "brier": 0.7407592361283761,
      "ece": 0.07165952467210131,
      "group": "SWAR_LabelSmoothing_eps010",
      "kappa": 0.10545267489711935,
      "macro_f1": 0.2601558290880308,
      "mean_confidence": 0.2842914506241127,
      "n": 27,
      "nll": 1.3688984402903803,
      "subject_wise_std": 0.05978569138367008,
      "worst_subject_acc": 0.24537037037037038
    },
    {
      "acc": 0.3242026748971194,
      "brier": 0.7469403836370746,
      "ece": 0.0743085666264526,
      "group": "SWAR_TempScale_SourceVal",
      "kappa": 0.0989368998628258,
      "macro_f1": 0.24908765054283105,
      "mean_confidence": 0.2688257539713824,
      "n": 27,
      "nll": 1.3809839442924217,
      "subject_wise_std": 0.05381756226089645,
      "worst_subject_acc": 0.2488425925925926
    },
    {
      "acc": 0.3239454732510288,
      "brier": 0.7407970985211767,
      "ece": 0.06472772942786967,
      "group": "SoftWeightArtifactReject_raw",
      "kappa": 0.09859396433470508,
      "macro_f1": 0.25071381601670756,
      "mean_confidence": 0.28623588217629325,
      "n": 27,
      "nll": 1.368891093466017,
      "subject_wise_std": 0.050692871979754625,