{
  "stage": "steegformer_sascert_core_workbench",
  "status": "completed_smoke",
  "groups": {
    "NaiveAug_LS010": {
      "accuracy": 0.8571428571428571,
      "balanced_accuracy": 0.8611111111111112,
      "macro_f1": 0.8552522746071133,
      "kappa": 0.7163695299837926,
      "auroc": 0.9967320261437909,
      "ece": 0.08248553957257952,
      "nll": 0.3458316710457467,
      "brier": 0.21888208389282227
    },
    "ArtifactReject_LS010": {
      "accuracy": 0.8571428571428571,
      "balanced_accuracy": 0.8611111111111112,
      "macro_f1": 0.8552522746071133,
      "kappa": 0.7163695299837926,
      "auroc": 0.9967320261437909,
      "ece": 0.09791057109832765,
      "nll": 0.3262872200361246,
      "brier": 0.20887617766857147
    },
    "SoftWeight_noReject_LS010": {
      "accuracy": 0.8285714285714286,
      "balanced_accuracy": 0.8333333333333333,
      "macro_f1": 0.825,
      "kappa": 0.6601941747572816,
      "auroc": 0.9967320261437909,
      "ece": 0.11322657210486275,
      "nll": 0.41684847238216566,
      "brier": 0.25269341468811035
    },
    "SASCert_SoftAR_LS010": {
      "accuracy": 0.8571428571428571,
      "balanced_accuracy": 0.8611111111111112,
      "macro_f1": 0.8552522746071133,
      "kappa": 0.7163695299837926,
      "auroc": 0.9967320261437909,
      "ece": 0.14884489093508038,
      "nll": 0.389339899627035,
      "brier": 0.23924137651920319
    }
  },
  "sascert_vs_naive": {
    "delta_balanced_accuracy": 0.0,
    "delta_macro_f1": 0.0,
    "delta_ece": 0.06635935136250086,
    "delta_nll": 0.04350822858128833,
    "delta_brier": 0.02035929262638092,
    "subject_win_rate_macro_f1": 0.0,
    "seed_win_rate_macro_f1": 0.0
  },
  "component_ablation": {
    "beats_artifact_reject_macro_f1": false,
    "beats_softweight_no_reject_macro_f1": true,
    "mean_delta_macro_f1_vs_artifact_reject": 0.0,
    "mean_delta_macro_f1_vs_softweight_no_reject": 0.030252274607113327
  },
  "n_rows": 4
}