{
  "status": "completed",
  "output_tag": "st_source_tuned_full",
  "score_tag": "st_source_tuned_full",
  "primary_group": "SoftWeight_noReject_LS010",
  "secondary_group": "SASCert_SoftAR_LS010",
  "baseline": "NaiveAug_LS010",
  "n_fold_rows": 100,
  "n_subjects": 20,
  "primary_subject_win_rate": 0.6,
  "secondary_subject_win_rate": 0.65,
  "primary_mean_subject_delta_macro_f1": 0.006401909521548155,
  "secondary_mean_subject_delta_macro_f1": 0.006289231025346824,
  "primary_losing_subjects": [
    92,
    93,
    97,
    101,
    102,
    105,
    107,
    109
  ],
  "primary_winning_subjects": [
    90,
    91,
    94,
    95,
    96,
    98,
    99,
    100,
    103,
    104,
    106,
    108
  ],
  "secondary_losing_subjects": [
    90,
    93,
    97,
    101,
    102,
    104,
    107
  ],
  "secondary_winning_subjects": [
    91,
    92,
    94,
    95,
    96,
    98,
    99,
    100,
    103,
    105,
    106,
    108,
    109
  ],
  "correlations_primary_delta": {
    "baseline_macro_f1": -0.42088409387404135,
    "baseline_ece": 0.35250655477361403,
    "std_content_score": 0.01816757991891089,
    "mean_artifact_risk": 0.2270833751264425
  },
  "decision": "subject_reliability_failed"
}